{
  "commands": [
    {
      "name": "命令 1",
      "cmd_id": "01",
      "resp_id": "01",
      "resp_data_len": 4,
      "resp_hex": "00 00 00 00"
    },
    {
      "name": "命令 2",
      "cmd_id": "02",
      "resp_id": "02",
      "resp_data_len": 6,
      "resp_hex": "00 00 00 00 00 00"
    },
    {
      "name": "命令 3",
      "cmd_id": "03",
      "resp_id": "03",
      "resp_data_len": 8,
      "resp_hex": "00 00 00 00 00 00 00 00"
    },
    {
      "name": "命令 4",
      "cmd_id": "04",
      "resp_id": "04",
      "resp_data_len": 2,
      "resp_hex": "00 00"
    },
    {
      "name": "命令 5",
      "cmd_id": "05",
      "resp_id": "05",
      "resp_data_len": 10,
      "resp_hex": "00 00 00 00 00 00 00 00 00 00"
    },
    {
      "name": "命令 6",
      "cmd_id": "06",
      "resp_id": "06",
      "resp_data_len": 4,
      "resp_hex": "00 00 00 00"
    },
    {
      "name": "命令 7",
      "cmd_id": "07",
      "resp_id": "07",
      "resp_data_len": 4,
      "resp_hex": "00 00 00 00"
    },
    {
      "name": "命令 8",
      "cmd_id": "08",
      "resp_id": "08",
      "resp_data_len": 6,
      "resp_hex": "00 00 00 00 00 00"
    },
    {
      "name": "命令 9",
      "cmd_id": "09",
      "resp_id": "09",
      "resp_data_len": 8,
      "resp_hex": "00 00 00 00 00 00 00 02"
    },
    {
      "name": "命令 1000",
      "cmd_id": "0A",
      "resp_id": "0A",
      "resp_data_len": 2,
      "resp_hex": "00 00"
    },
    {
      "name": "命令 11",
      "cmd_id": "0B",
      "resp_id": "0B",
      "resp_data_len": 10,
      "resp_hex": "00 00 00 00 00 00 00 00 00 00"
    },
    {
      "name": "命令 12",
      "cmd_id": "0C",
      "resp_id": "0C",
      "resp_data_len": 4,
      "resp_hex": "00 00 00 00"
    }
  ]
}